timestamp,Subreddit,Ticker,Mentions,Avg_Sentiment,Weighted_Sentiment,Sentiment_Volatility,Net_Sentiment,Momentum,Signal
2025-07-31T16:51:37.420897,r/wallstreetbets,$HOOD,2,0.029,0.058,1.279,0.0,1.155,NEUTRAL
2025-07-31T16:51:46.960125,r/StockMarket,$QQQ,2,0.194,0.389,0.661,0.0,1.155,NEUTRAL
2025-07-31T16:51:37.420897,r/wallstreetbets,$SPOT,2,-0.203,-0.407,0.288,-0.5,0.707,NEUTRAL
2025-07-31T16:51:37.420897,r/wallstreetbets,$META,2,-0.359,-0.718,0.508,-0.5,0.577,SHORT
2025-07-31T16:51:37.420897,r/wallstreetbets,$MSFT,2,0.061,0.122,1.102,0.0,0.577,NEUTRAL
2025-07-31T16:51:46.960125,r/StockMarket,$SPY,2,0.194,0.389,0.661,0.0,0.577,NEUTRAL
2025-07-31T16:51:46.960125,r/StockMarket,$MSFT,2,0.194,0.389,0.661,0.0,0.577,NEUTRAL
2025-07-31T16:51:46.960125,r/StockMarket,$META,2,0.194,0.389,0.661,0.0,0.577,NEUTRAL
2025-07-31T16:51:53.392356,r/smallstreetbets,$SPY,2,0.789,1.579,0.268,1.0,0.577,NEUTRAL
2025-07-31T16:51:40.542487,r/stocks,$QQQ,1,-0.792,0.0,,-1.0,-0.577,SHORT
2025-07-31T16:51:46.960125,r/StockMarket,$HOOD,1,0.662,0.662,,1.0,-0.577,NEUTRAL
2025-07-31T16:51:53.392356,r/smallstreetbets,$HOOD,1,0.802,0.802,,1.0,-0.577,NEUTRAL
2025-07-31T16:51:53.392356,r/smallstreetbets,$QQQ,1,0.599,0.599,,1.0,-0.577,NEUTRAL
2025-07-31T16:51:43.958230,r/investing,$SPOT,1,0.862,0.862,,1.0,-0.707,NEUTRAL
2025-07-31T16:51:40.542487,r/stocks,$SPY,1,-0.792,0.0,,-1.0,-1.155,SHORT
2025-07-31T16:51:40.542487,r/stocks,$META,1,-0.936,0.0,,-1.0,-1.155,SHORT
2025-07-31T16:51:40.542487,r/stocks,$MSFT,1,-0.936,0.0,,-1.0,-1.155,SHORT
2025-07-31T16:51:43.958230,r/investing,$XXXXX,3,0.984,2.951,0.0,1.0,,NEUTRAL
2025-07-31T16:51:49.953644,r/pennystocks,$NVNI,3,0.987,2.96,0.012,1.0,,NEUTRAL
2025-07-31T16:51:49.953644,r/pennystocks,$TNFA,3,0.347,1.042,0.898,0.333,,NEUTRAL
2025-07-31T16:51:37.420897,r/wallstreetbets,$HIMS,2,0.388,0.775,0.548,0.5,,NEUTRAL
2025-07-31T16:51:37.420897,r/wallstreetbets,$SNAP,2,0.992,1.984,0.01,1.0,,NEUTRAL
2025-07-31T16:51:37.420897,r/wallstreetbets,$SRPT,2,0.313,0.626,0.035,1.0,,NEUTRAL
2025-07-31T16:51:40.542487,r/stocks,$AAPL,2,-0.282,-0.565,0.924,0.0,,NEUTRAL
2025-07-31T16:51:49.953644,r/pennystocks,$RR,2,0.772,1.544,0.314,1.0,,NEUTRAL
2025-07-31T16:51:49.953644,r/pennystocks,$ATYR,2,0.977,1.953,0.03,1.0,,NEUTRAL
2025-07-31T16:51:49.953644,r/pennystocks,$ICU,2,0.996,1.993,0.003,1.0,,NEUTRAL
2025-07-31T16:51:49.953644,r/pennystocks,$ADAP,2,0.028,0.055,1.233,0.0,,NEUTRAL
2025-07-31T16:51:37.420897,r/wallstreetbets,$GDX,1,-0.875,-0.875,,-1.0,,SHORT
2025-07-31T16:51:37.420897,r/wallstreetbets,$GRAB,1,-0.875,-0.875,,-1.0,,SHORT
2025-07-31T16:51:37.420897,r/wallstreetbets,$FUBO,1,0.0,0.0,,0.0,,NEUTRAL
2025-07-31T16:51:37.420897,r/wallstreetbets,$APLD,1,0.863,0.863,,1.0,,LONG
2025-07-31T16:51:37.420897,r/wallstreetbets,$NVDA,1,0.0,0.0,,0.0,,NEUTRAL
2025-07-31T16:51:37.420897,r/wallstreetbets,$AVGO,1,0.665,0.665,,1.0,,NEUTRAL
2025-07-31T16:51:37.420897,r/wallstreetbets,$ABNB,1,0.933,0.933,,1.0,,NEUTRAL
2025-07-31T16:51:37.420897,r/wallstreetbets,$GOOGL,1,0.933,0.933,,1.0,,NEUTRAL
2025-07-31T16:51:37.420897,r/wallstreetbets,$RDDT,1,0.933,0.933,,1.0,,NEUTRAL
2025-07-31T16:51:37.420897,r/wallstreetbets,$SOFI,1,0.0,0.0,,0.0,,NEUTRAL
2025-07-31T16:51:40.542487,r/stocks,$ACHR,1,0.794,0.794,,1.0,,NEUTRAL
2025-07-31T16:51:40.542487,r/stocks,$FIG,1,0.999,0.999,,1.0,,LONG
2025-07-31T16:51:40.542487,r/stocks,$APLD,1,0.883,0.883,,1.0,,LONG
2025-07-31T16:51:40.542487,r/stocks,$INOD,1,0.474,0.474,,1.0,,NEUTRAL
2025-07-31T16:51:40.542487,r/stocks,$GM,1,-0.017,-0.017,,0.0,,NEUTRAL
2025-07-31T16:51:40.542487,r/stocks,$F,1,-0.017,-0.017,,0.0,,NEUTRAL
2025-07-31T16:51:40.542487,r/stocks,$TLT,1,-0.792,0.0,,-1.0,,SHORT
2025-07-31T16:51:40.542487,r/stocks,$EZU,1,-0.936,0.0,,-1.0,,SHORT
2025-07-31T16:51:40.542487,r/stocks,$JNJ,1,-0.936,0.0,,-1.0,,SHORT
2025-07-31T16:51:40.542487,r/stocks,$PG,1,-0.936,0.0,,-1.0,,SHORT
2025-07-31T16:51:40.542487,r/stocks,$FEZ,1,-0.936,0.0,,-1.0,,SHORT
2025-07-31T16:51:40.542487,r/stocks,$KO,1,-0.936,0.0,,-1.0,,SHORT
2025-07-31T16:51:43.958230,r/investing,$FIG,1,0.176,0.176,,1.0,,NEUTRAL
2025-07-31T16:51:43.958230,r/investing,$NAN,1,0.786,0.786,,1.0,,NEUTRAL
2025-07-31T16:51:43.958230,r/investing,$XX,1,0.751,0.0,,1.0,,NEUTRAL
2025-07-31T16:51:46.960125,r/StockMarket,$NBIS,1,0.888,0.888,,1.0,,NEUTRAL
2025-07-31T16:51:46.960125,r/StockMarket,$BGM,1,0.662,0.662,,1.0,,LONG
2025-07-31T16:51:46.960125,r/StockMarket,$VXX,1,0.662,0.662,,1.0,,NEUTRAL
2025-07-31T16:51:46.960125,r/StockMarket,$NVDA,1,-0.273,-0.273,,-1.0,,NEUTRAL
2025-07-31T16:51:46.960125,r/StockMarket,$AIFU,1,-0.273,-0.273,,-1.0,,NEUTRAL
2025-07-31T16:51:46.960125,r/StockMarket,$CRWV,1,-0.273,-0.273,,-1.0,,NEUTRAL
2025-07-31T16:51:46.960125,r/StockMarket,$AMD,1,-0.273,-0.273,,-1.0,,NEUTRAL
2025-07-31T16:51:46.960125,r/StockMarket,$MDGL,1,0.994,0.0,,1.0,,NEUTRAL
2025-07-31T16:51:46.960125,r/StockMarket,$FIG,1,0.998,0.998,,1.0,,LONG
2025-07-31T16:51:49.953644,r/pennystocks,$IXHL,1,0.992,0.992,,1.0,,NEUTRAL
2025-07-31T16:51:49.953644,r/pennystocks,$VEEE,1,0.961,0.961,,1.0,,NEUTRAL
2025-07-31T16:51:49.953644,r/pennystocks,$TNYA,1,0.9,0.9,,1.0,,NEUTRAL
2025-07-31T16:51:49.953644,r/pennystocks,$ZENA,1,0.996,0.996,,1.0,,NEUTRAL
2025-07-31T16:51:49.953644,r/pennystocks,$BITF,1,0.644,0.0,,1.0,,NEUTRAL
2025-07-31T16:51:49.953644,r/pennystocks,$VRAX,1,0.629,0.629,,1.0,,NEUTRAL
2025-07-31T16:51:49.953644,r/pennystocks,$TPIC,1,0.999,0.999,,1.0,,NEUTRAL
2025-07-31T16:51:49.953644,r/pennystocks,$LMAT,1,0.981,0.981,,1.0,,NEUTRAL
2025-07-31T16:51:49.953644,r/pennystocks,$DXCM,1,0.981,0.981,,1.0,,NEUTRAL
2025-07-31T16:51:49.953644,r/pennystocks,$ADHC,1,0.981,0.981,,1.0,,NEUTRAL
2025-07-31T16:51:49.953644,r/pennystocks,$SONM,1,0.981,0.981,,1.0,,NEUTRAL
2025-07-31T16:51:49.953644,r/pennystocks,$VINC,1,0.981,0.981,,1.0,,NEUTRAL
2025-07-31T16:51:49.953644,r/pennystocks,$MBOT,1,0.985,0.985,,1.0,,NEUTRAL
2025-07-31T16:51:49.953644,r/pennystocks,$ARVL,1,-0.52,-0.52,,-1.0,,SHORT
2025-07-31T16:51:49.953644,r/pennystocks,$CAN,1,0.977,0.977,,1.0,,NEUTRAL
2025-07-31T16:51:49.953644,r/pennystocks,$IGC,1,0.969,0.969,,1.0,,NEUTRAL
2025-07-31T16:51:49.953644,r/pennystocks,$ASBP,1,0.686,0.686,,1.0,,NEUTRAL
2025-07-31T16:51:49.953644,r/pennystocks,$VRME,1,0.915,0.0,,1.0,,NEUTRAL
2025-07-31T16:51:49.953644,r/pennystocks,$UP,1,0.994,0.994,,1.0,,NEUTRAL
2025-07-31T16:51:49.953644,r/pennystocks,$STAI,1,0.929,0.929,,1.0,,NEUTRAL
2025-07-31T16:51:49.953644,r/pennystocks,$INTS,1,-0.542,-0.542,,-1.0,,SHORT
2025-07-31T16:51:49.953644,r/pennystocks,$ASPI,1,0.65,0.65,,1.0,,NEUTRAL
2025-07-31T16:51:49.953644,r/pennystocks,$RAD,1,0.991,0.991,,1.0,,NEUTRAL
2025-07-31T16:51:49.953644,r/pennystocks,$RADX,1,0.991,0.991,,1.0,,NEUTRAL
2025-07-31T16:51:49.953644,r/pennystocks,$GIBO,1,0.971,0.971,,1.0,,NEUTRAL
2025-07-31T16:51:49.953644,r/pennystocks,$BSGM,1,0.938,0.938,,1.0,,NEUTRAL
2025-07-31T16:51:49.953644,r/pennystocks,$OP,1,0.911,0.911,,1.0,,NEUTRAL
2025-07-31T16:51:49.953644,r/pennystocks,$AIRE,1,0.961,0.0,,1.0,,NEUTRAL
2025-07-31T16:51:49.953644,r/pennystocks,$GRAB,1,0.836,0.836,,1.0,,LONG
2025-07-31T16:51:49.953644,r/pennystocks,$PSTV,1,0.935,0.935,,1.0,,NEUTRAL
2025-07-31T16:51:49.953644,r/pennystocks,$SCANT,1,0.843,0.843,,1.0,,NEUTRAL
2025-07-31T16:51:49.953644,r/pennystocks,$NEXM,1,-0.67,-0.67,,-1.0,,SHORT
2025-07-31T16:51:49.953644,r/pennystocks,$JSDA,1,0.73,0.73,,1.0,,NEUTRAL
2025-07-31T16:51:49.953644,r/pennystocks,$NEHC,1,0.25,0.25,,1.0,,NEUTRAL
2025-07-31T16:51:49.953644,r/pennystocks,$ENRT,1,0.989,0.989,,1.0,,NEUTRAL
2025-07-31T16:51:49.953644,r/pennystocks,$SNTI,1,-0.845,-0.845,,-1.0,,SHORT
2025-07-31T16:51:49.953644,r/pennystocks,$BNGO,1,-0.845,-0.845,,-1.0,,SHORT
2025-07-31T16:51:49.953644,r/pennystocks,$SRNE,1,-0.845,-0.845,,-1.0,,SHORT
2025-07-31T16:51:49.953644,r/pennystocks,$RIME,1,0.945,0.945,,1.0,,NEUTRAL
2025-07-31T16:51:49.953644,r/pennystocks,$TNFAT,1,-0.685,-0.685,,-1.0,,SHORT
2025-07-31T16:51:49.953644,r/pennystocks,$TCNNF,1,0.953,0.0,,1.0,,NEUTRAL
2025-07-31T16:51:53.392356,r/smallstreetbets,$BMNR,1,0.0,0.0,,0.0,,NEUTRAL
2025-07-31T16:51:53.392356,r/smallstreetbets,$ATNF,1,0.0,0.0,,0.0,,NEUTRAL
2025-07-31T16:51:53.392356,r/smallstreetbets,$BGM,1,0.97,0.97,,1.0,,LONG
2025-07-31T16:51:53.392356,r/smallstreetbets,$LCID,1,0.97,0.97,,1.0,,NEUTRAL
2025-07-31T16:51:53.392356,r/smallstreetbets,$RIVN,1,0.97,0.97,,1.0,,NEUTRAL
2025-07-31T16:51:53.392356,r/smallstreetbets,$QS,1,0.97,0.97,,1.0,,NEUTRAL
2025-07-31T16:51:53.392356,r/smallstreetbets,$F,1,0.97,0.97,,1.0,,LONG
2025-07-31T16:51:53.392356,r/smallstreetbets,$NEGG,1,0.71,0.71,,1.0,,NEUTRAL
2025-07-31T16:51:53.392356,r/smallstreetbets,$MPW,1,0.71,0.71,,1.0,,NEUTRAL
2025-07-31T16:51:53.392356,r/smallstreetbets,$TV,1,0.979,0.979,,1.0,,NEUTRAL
2025-07-31T16:51:53.392356,r/smallstreetbets,$UNH,1,0.93,0.93,,1.0,,NEUTRAL
2025-07-31T16:51:53.392356,r/smallstreetbets,$PLTR,1,0.758,0.758,,1.0,,NEUTRAL
2025-07-31T16:51:53.392356,r/smallstreetbets,$VERI,1,-0.736,-0.736,,-1.0,,SHORT
2025-07-31T16:51:53.392356,r/smallstreetbets,$NTHI,1,-0.686,-0.686,,-1.0,,SHORT
2025-07-31T16:51:53.392356,r/smallstreetbets,$RKT,1,0.637,0.637,,1.0,,NEUTRAL
2025-07-31T16:51:56.896511,r/weedstocks,$TSND,1,0.0,0.0,,0.0,,NEUTRAL


Market Summary:
LONG %,6.72
SHORT %,18.49
NEUTRAL %,74.79
Average Sentiment,0.384
Weighted Market Sentiment,0.498
Sentiment Volatility (avg),0.505
Subreddit Activity:
  r/pennystocks,47
  r/smallstreetbets,18
  r/wallstreetbets,17
  r/stocks,17
  r/StockMarket,14
  r/investing,5
  r/weedstocks,1
Market Sentiment,NEUTRAL
